Workbook

Sheet Products
A1: ProductID | B1: Product | C1: Price | D1: Order/Not ord
A2: 101 | B2: Product A | C2: 120 | D2: =IF(ISNA(VLOOKUP(A2,Orders!B1:B7,1,0)),"NO","YES") -> YES
A3: 102 | B3: Product B | C3: 150 | D3: =IF(ISNA(VLOOKUP(A3,Orders!B2:B8,1,0)),"NO","YES") -> YES
A4: 103 | B4: Product C | C4: 200 | D4: =IF(ISNA(VLOOKUP(A4,Orders!B3:B9,1,0)),"NO","YES") -> YES
A5: 104 | B5: Product D | C5: 90 | D5: =IF(ISNA(VLOOKUP(A5,Orders!B4:B10,1,0)),"NO","YES") -> YES
A6: 105 | B6: Product E | C6: 220 | D6: =IF(ISNA(VLOOKUP(A6,Orders!B5:B11,1,0)),"NO","YES") -> YES
A7: 106 | B7: Product F | C7: 130 | D7: =IF(ISNA(VLOOKUP(A7,Orders!B6:B12,1,0)),"NO","YES") -> NO

Sheet Orders
A1: OrderID | B1: ProductID | C1: Quantity | D1: Product Name | E1: Price | F1: TotalPrice | G1: Valid ProductID | H1: Discounted Price | I1: Max | J1: Total Quantity
A2: 1 | B2: 101 | C2: 2 | D2: =VLOOKUP(B2,Products!$A$1:$C$7,2,0) -> Product A | E2: =VLOOKUP(B2,Products!$A$1:$C$7,3,0) -> 120 | F2: =C2*E2 -> 240 | G2: =IFERROR(VLOOKUP(B2,Products!$A$1:$C$7,1,0),"Do Not Exist") -> 101 | H2: =F2-F2*10% -> 216 | I2: =MAX(F21:F26) -> 1540 | J2: =SUMIF($D$2:$D$7,D2,$C$2:$C$7) -> 2
A3: 2 | B3: 103 | C3: 1 | D3: =VLOOKUP(B3,Products!$A$1:$C$7,2,0) -> Product C | E3: =VLOOKUP(B3,Products!$A$1:$C$7,3,0) -> 200 | F3: =C3*E3 -> 200 | G3: =IFERROR(VLOOKUP(B3,Products!$A$1:$C$7,1,0),"Do Not Exist") -> 103 | H3: =F3-F3*10% -> 180 | J3: =SUMIF($D$2:$D$7,D3,$C$2:$C$7) -> 1
A4: 3 | B4: 105 | C4: 4 | D4: =VLOOKUP(B4,Products!$A$1:$C$7,2,0) -> Product E | E4: =VLOOKUP(B4,Products!$A$1:$C$7,3,0) -> 220 | F4: =C4*E4 -> 880 | G4: =IFERROR(VLOOKUP(B4,Products!$A$1:$C$7,1,0),"Do Not Exist") -> 105 | H4: =F4-F4*10% -> 792 | J4: =SUMIF($D$2:$D$7,D4,$C$2:$C$7) -> 4
A5: 4 | B5: 106 | C5: 3 | D5: =VLOOKUP(B5,Products!$A$1:$C$7,2,0) -> Product F | E5: =VLOOKUP(B5,Products!$A$1:$C$7,3,0) -> 130 | F5: =C5*E5 -> 390 | G5: =IFERROR(VLOOKUP(B5,Products!$A$1:$C$7,1,0),"Do Not Exist") -> 106 | H5: =F5-F5*10% -> 351 | J5: =SUMIF($D$2:$D$7,D5,$C$2:$C$7) -> 3
A6: 5 | B6: 102 | C6: 5 | D6: =VLOOKUP(B6,Products!$A$1:$C$7,2,0) -> Product B | E6: =VLOOKUP(B6,Products!$A$1:$C$7,3,0) -> 150 | F6: =C6*E6 -> 750 | G6: =IFERROR(VLOOKUP(B6,Products!$A$1:$C$7,1,0),"Do Not Exist") -> 102 | H6: =F6-F6*10% -> 675 | J6: =SUMIF($D$2:$D$7,D6,$C$2:$C$7) -> 5
A7: 6 | B7: 104 | C7: 6 | D7: =VLOOKUP(B7,Products!$A$1:$C$7,2,0) -> Product D | E7: =VLOOKUP(B7,Products!$A$1:$C$7,3,0) -> 90 | F7: =C7*E7 -> 540 | G7: =IFERROR(VLOOKUP(B7,Products!$A$1:$C$7,1,0),"Do Not Exist") -> 104 | H7: =F7-F7*10% -> 486 | J7: =SUMIF($D$2:$D$7,D7,$C$2:$C$7) -> 6
A8: 7 | B8: 101 | C8: 6 | D8: =VLOOKUP(B8,Products!$A$1:$C$7,2,0) -> Product A | E8: =VLOOKUP(B8,Products!$A$1:$C$7,3,0) -> 120 | F8: =C8*E8 -> 720 | G8: =IFERROR(VLOOKUP(B8,Products!$A$1:$C$7,1,0),"Do Not Exist") -> 101 | H8: =F8-F8*10% -> 648 | J8: =SUMIF($D$2:$D$7,D8,$C$2:$C$7) -> 2
A9: 8 | B9: 105 | C9: 3 | D9: =VLOOKUP(B9,Products!$A$1:$C$7,2,0) -> Product E | E9: =VLOOKUP(B9,Products!$A$1:$C$7,3,0) -> 220 | F9: =C9*E9 -> 660 | G9: =IFERROR(VLOOKUP(B9,Products!$A$1:$C$7,1,0),"Do Not Exist") -> 105 | H9: =F9-F9*10% -> 594 | J9: =SUMIF($D$2:$D$7,D9,$C$2:$C$7) -> 4
A11: 1. Use VLOOKUP to find the product names for each ProductID in the Orders worksheet.
A12: 2. Use VLOOKUP to find the price for each ProductID in the Orders worksheet, then calculate the TotalPrice by multiplying the Quantity by the Product Price.
A13: 3. Use VLOOKUP to check if there are any ProductIDs in the Orders worksheet that do not exist in the Products worksheet.
A14: 4. Assume a discount of 10% is given on all products. Use VLOOKUP to find the original price and then calculate the discounted price.
A15: 5. Use VLOOKUP to find the price for each ProductID and then calculate the order value. Find the maximum order value from the list.
A16: 6. Use VLOOKUP to find out which products from the Products worksheet have not been ordered.
A17: 7. Use VLOOKUP to find the Product name and summarize the total quantity sold for each product.
D20: Product | E20: Total Quantity | F20: Total Price for each product
D21: Product A | E21: =SUMIF(D2:D9,D21,C2:C9) -> 8 | F21: =SUMIF(D2:D9,D2,F2:F9) -> 960
D22: Product B | E22: =SUMIF(D3:D10,D22,C3:C10) -> 5 | F22: =SUMIF(D3:D10,D3,F3:F10) -> 200
D23: Product C | E23: =SUMIF(D2:D9,D23,C2:C9) -> 1 | F23: =SUMIF(D4:D11,D4,F4:F11) -> 1540
D24: Product D | E24: =SUMIF(D3:D10,D24,C3:C10) -> 6 | F24: =SUMIF(D5:D12,D5,F5:F12) -> 390
D25: Product E | E25: =SUMIF(D4:D11,D25,C4:C11) -> 7 | F25: =SUMIF(D6:D13,D6,F6:F13) -> 750
D26: Product F | E26: =SUMIF(D5:D12,D26,C5:C12) -> 3 | F26: =SUMIF(D7:D14,D7,F7:F14) -> 540
